{
  "input_weights": {
    "v": 1,
    "dim": [
      4,
      2
    ],
    "data": [
      0.053115406990591855,
      0.08545044145408265,
      0.2730479952965195,
      -0.1881921539793966,
      -0.9312860928079914,
      -0.17008526853510783,
      0.47519046677410964,
      0.6985157646200771
    ]
  },
  "output_weights": {
    "v": 1,
    "dim": [
      2,
      5
    ],
    "data": [
      2.0376265526344906,
      3.2783469578503968,
      -0.38517247154195244,
      -1.4456861458296388,
      4.770146183984782,
      2.05683047978723,
      4.317923672992942,
      -1.8120523304221139,
      -2.432799771014674,
      5.027348185784627
    ]
  },
  "learning_rate": 0.1
}